CustomerID,CustomerName,ContactNumber,Email,Location,JoinDate,CustomerType
1,Customer_1,+1-781-8725,customer1@example.com,South,2022-10-29,Retail
2,Customer_2,+1-215-6133,customer2@example.com,North,2020-06-06,Retail
3,Customer_3,+1-551-3022,customer3@example.com,East,2022-02-06,Wholesale
4,Customer_4,+1-814-8067,customer4@example.com,West,2022-08-20,Wholesale
5,Customer_5,+1-955-1716,customer5@example.com,North,2021-10-20,Retail
6,Customer_6,+1-880-2860,customer6@example.com,North,2021-12-14,Wholesale
7,Customer_7,+1-692-6813,customer7@example.com,West,2023-08-31,Wholesale
8,Customer_8,+1-732-3516,customer8@example.com,Central,2022-12-07,Retail
9,Customer_9,+1-150-6012,customer9@example.com,Central,2022-01-29,Retail
10,Customer_10,+1-851-7417,customer10@example.com,North,2022-04-07,Wholesale
11,Customer_11,+1-755-2879,customer11@example.com,West,2023-12-06,Retail
12,Customer_12,+1-605-6361,customer12@example.com,East,2022-01-15,Retail
13,Customer_13,+1-243-2298,customer13@example.com,Central,2022-05-05,Retail
14,Customer_14,+1-317-1514,customer14@example.com,South,2022-11-10,Wholesale
15,Customer_15,+1-173-5114,customer15@example.com,South,2020-06-18,Wholesale
16,Customer_16,+1-154-7056,customer16@example.com,South,2023-05-28,Retail
17,Customer_17,+1-525-5833,customer17@example.com,North,2022-09-27,Retail
18,Customer_18,+1-849-6433,customer18@example.com,South,2022-08-22,Retail
19,Customer_19,+1-540-7970,customer19@example.com,South,2023-06-30,Retail
20,Customer_20,+1-168-4249,customer20@example.com,Central,2022-08-09,Wholesale
21,Customer_21,+1-507-3746,customer21@example.com,East,2021-02-28,Retail
22,Customer_22,+1-330-8035,customer22@example.com,Central,2023-06-27,Wholesale
23,Customer_23,+1-422-3077,customer23@example.com,West,2021-02-25,Wholesale
24,Customer_24,+1-449-4274,customer24@example.com,South,2023-08-31,Retail
25,Customer_25,+1-108-6024,customer25@example.com,Central,2022-07-21,Retail
26,Customer_26,+1-417-3255,customer26@example.com,East,2023-04-18,Wholesale
27,Customer_27,+1-640-2231,customer27@example.com,South,2022-05-16,Retail
28,Customer_28,+1-125-3347,customer28@example.com,East,2023-02-17,Wholesale
29,Customer_29,+1-211-6947,customer29@example.com,North,2021-08-29,Wholesale
30,Customer_30,+1-468-6212,customer30@example.com,North,2022-01-15,Wholesale
31,Customer_31,+1-949-9372,customer31@example.com,Central,2021-04-23,Retail
32,Customer_32,+1-986-4053,customer32@example.com,East,2021-03-02,Retail
33,Customer_33,+1-337-7572,customer33@example.com,South,2021-03-28,Wholesale
34,Customer_34,+1-203-4458,customer34@example.com,East,2022-03-07,Retail
35,Customer_35,+1-953-5443,customer35@example.com,West,2020-07-15,Wholesale
36,Customer_36,+1-910-7688,customer36@example.com,East,2021-02-15,Wholesale
37,Customer_37,+1-700-7517,customer37@example.com,East,2022-01-23,Retail
38,Customer_38,+1-112-3438,customer38@example.com,Central,2020-09-17,Retail
39,Customer_39,+1-808-5539,customer39@example.com,West,2020-08-29,Retail
40,Customer_40,+1-260-7014,customer40@example.com,North,2023-10-30,Retail
41,Customer_41,+1-317-7726,customer41@example.com,East,2023-08-12,Wholesale
42,Customer_42,+1-170-2426,customer42@example.com,West,2020-11-23,Retail
43,Customer_43,+1-981-1115,customer43@example.com,East,2022-11-16,Wholesale
44,Customer_44,+1-602-7205,customer44@example.com,East,2020-07-26,Wholesale
45,Customer_45,+1-205-6190,customer45@example.com,East,2021-01-18,Retail
46,Customer_46,+1-577-5196,customer46@example.com,East,2022-04-24,Wholesale
47,Customer_47,+1-749-2227,customer47@example.com,North,2020-06-30,Wholesale
48,Customer_48,+1-488-3512,customer48@example.com,North,2021-09-16,Retail
49,Customer_49,+1-250-1834,customer49@example.com,South,2023-08-08,Wholesale
50,Customer_50,+1-601-4110,customer50@example.com,North,2022-04-27,Retail
51,Customer_51,+1-529-8588,customer51@example.com,South,2021-09-13,Retail
52,Customer_52,+1-166-9794,customer52@example.com,Central,2021-06-10,Retail
53,Customer_53,+1-355-2645,customer53@example.com,West,2020-01-17,Retail
54,Customer_54,+1-450-6717,customer54@example.com,Central,2020-07-19,Wholesale
55,Customer_55,+1-141-7039,customer55@example.com,Central,2020-01-28,Wholesale
56,Customer_56,+1-596-1965,customer56@example.com,West,2023-10-30,Retail
57,Customer_57,+1-697-5510,customer57@example.com,East,2020-03-15,Retail
58,Customer_58,+1-449-6206,customer58@example.com,East,2023-01-25,Retail
59,Customer_59,+1-189-2689,customer59@example.com,North,2022-07-13,Retail
60,Customer_60,+1-810-8990,customer60@example.com,North,2023-03-16,Wholesale
61,Customer_61,+1-824-1487,customer61@example.com,North,2023-05-30,Wholesale
62,Customer_62,+1-139-4986,customer62@example.com,East,2020-01-12,Retail
63,Customer_63,+1-505-3019,customer63@example.com,East,2021-10-29,Retail
64,Customer_64,+1-761-2133,customer64@example.com,Central,2022-03-15,Retail
65,Customer_65,+1-625-3021,customer65@example.com,West,2022-06-06,Wholesale
66,Customer_66,+1-149-6166,customer66@example.com,West,2023-06-10,Wholesale
67,Customer_67,+1-165-5622,customer67@example.com,East,2022-06-20,Retail
68,Customer_68,+1-239-8092,customer68@example.com,East,2023-01-26,Wholesale
69,Customer_69,+1-848-4610,customer69@example.com,South,2023-09-01,Wholesale
70,Customer_70,+1-445-9266,customer70@example.com,North,2020-07-30,Retail
71,Customer_71,+1-343-7025,customer71@example.com,West,2020-09-10,Retail
72,Customer_72,+1-306-7146,customer72@example.com,Central,2022-07-13,Retail
73,Customer_73,+1-287-7486,customer73@example.com,North,2022-05-18,Wholesale
74,Customer_74,+1-712-9530,customer74@example.com,South,2020-07-09,Wholesale
75,Customer_75,+1-194-6684,customer75@example.com,Central,2022-06-04,Retail
76,Customer_76,+1-528-4107,customer76@example.com,Central,2022-01-22,Retail
77,Customer_77,+1-589-3594,customer77@example.com,North,2021-03-30,Retail
78,Customer_78,+1-483-3875,customer78@example.com,West,2021-09-15,Retail
79,Customer_79,+1-234-7728,customer79@example.com,East,2023-10-07,Wholesale
80,Customer_80,+1-662-4255,customer80@example.com,South,2021-12-14,Retail
81,Customer_81,+1-982-5779,customer81@example.com,West,2021-08-02,Wholesale
82,Customer_82,+1-823-8339,customer82@example.com,East,2021-10-03,Retail
83,Customer_83,+1-926-7123,customer83@example.com,Central,2021-06-25,Retail
84,Customer_84,+1-365-4946,customer84@example.com,East,2022-12-03,Wholesale
85,Customer_85,+1-689-9104,customer85@example.com,South,2022-03-22,Wholesale
86,Customer_86,+1-270-6289,customer86@example.com,North,2020-09-25,Wholesale
87,Customer_87,+1-555-7164,customer87@example.com,South,2021-08-20,Retail
88,Customer_88,+1-857-7311,customer88@example.com,Central,2021-07-13,Retail
89,Customer_89,+1-980-7286,customer89@example.com,North,2023-12-12,Retail
90,Customer_90,+1-462-2319,customer90@example.com,South,2023-01-17,Retail
91,Customer_91,+1-122-7894,customer91@example.com,East,2021-04-17,Retail
92,Customer_92,+1-199-2066,customer92@example.com,South,2022-03-01,Wholesale
93,Customer_93,+1-118-6185,customer93@example.com,North,2020-06-03,Wholesale
94,Customer_94,+1-158-1613,customer94@example.com,South,2020-09-13,Retail
95,Customer_95,+1-515-7764,customer95@example.com,West,2023-05-27,Wholesale
96,Customer_96,+1-977-4076,customer96@example.com,East,2020-09-27,Retail
97,Customer_97,+1-146-3802,customer97@example.com,East,2022-10-19,Retail
98,Customer_98,+1-591-4112,customer98@example.com,South,2021-07-14,Wholesale
99,Customer_99,+1-279-3573,customer99@example.com,West,2022-11-11,Wholesale
100,Customer_100,+1-943-8994,customer100@example.com,East,2023-05-23,Retail
101,Customer_101,+1-944-9314,customer101@example.com,North,2020-05-31,Wholesale
102,Customer_102,+1-218-2273,customer102@example.com,North,2023-08-18,Wholesale
103,Customer_103,+1-985-9172,customer103@example.com,South,2023-02-19,Wholesale
104,Customer_104,+1-276-7372,customer104@example.com,South,2022-05-05,Retail
105,Customer_105,+1-324-9097,customer105@example.com,Central,2022-06-09,Retail
106,Customer_106,+1-986-6507,customer106@example.com,West,2022-11-04,Retail
107,Customer_107,+1-419-2953,customer107@example.com,North,2023-09-15,Wholesale
108,Customer_108,+1-326-7420,customer108@example.com,South,2021-03-20,Retail
109,Customer_109,+1-358-7927,customer109@example.com,South,2022-07-10,Retail
110,Customer_110,+1-739-9747,customer110@example.com,West,2023-02-17,Wholesale
111,Customer_111,+1-711-2604,customer111@example.com,East,2020-07-03,Retail
112,Customer_112,+1-278-2742,customer112@example.com,North,2021-05-20,Wholesale
113,Customer_113,+1-526-4144,customer113@example.com,South,2022-09-03,Wholesale
114,Customer_114,+1-383-4713,customer114@example.com,South,2021-09-26,Retail
115,Customer_115,+1-596-8408,customer115@example.com,Central,2023-04-03,Retail
116,Customer_116,+1-438-8028,customer116@example.com,North,2023-07-08,Retail
117,Customer_117,+1-463-7486,customer117@example.com,East,2023-08-30,Retail
118,Customer_118,+1-513-5074,customer118@example.com,South,2021-05-02,Wholesale
119,Customer_119,+1-563-1103,customer119@example.com,East,2022-11-15,Retail
120,Customer_120,+1-877-9167,customer120@example.com,East,2023-12-09,Retail
121,Customer_121,+1-896-1850,customer121@example.com,South,2022-04-16,Wholesale
122,Customer_122,+1-531-5427,customer122@example.com,West,2021-05-20,Wholesale
123,Customer_123,+1-141-6447,customer123@example.com,North,2021-03-03,Wholesale
124,Customer_124,+1-272-7696,customer124@example.com,South,2021-08-29,Wholesale
125,Customer_125,+1-234-5020,customer125@example.com,West,2023-01-23,Wholesale
126,Customer_126,+1-118-2925,customer126@example.com,East,2020-11-10,Wholesale
127,Customer_127,+1-315-8384,customer127@example.com,South,2020-07-02,Retail
128,Customer_128,+1-453-6029,customer128@example.com,North,2021-04-12,Wholesale
129,Customer_129,+1-957-3547,customer129@example.com,North,2020-06-28,Retail
130,Customer_130,+1-359-7084,customer130@example.com,South,2021-10-04,Wholesale
131,Customer_131,+1-237-5803,customer131@example.com,East,2021-06-25,Wholesale
132,Customer_132,+1-691-8744,customer132@example.com,West,2022-05-31,Retail
133,Customer_133,+1-633-9002,customer133@example.com,Central,2021-05-06,Retail
134,Customer_134,+1-618-2516,customer134@example.com,Central,2021-10-11,Wholesale
135,Customer_135,+1-712-3845,customer135@example.com,Central,2022-01-21,Wholesale
136,Customer_136,+1-211-4554,customer136@example.com,South,2023-07-31,Retail
137,Customer_137,+1-453-2826,customer137@example.com,East,2020-11-20,Retail
138,Customer_138,+1-483-3811,customer138@example.com,North,2022-02-25,Wholesale
139,Customer_139,+1-784-2628,customer139@example.com,West,2020-04-14,Retail
140,Customer_140,+1-591-2216,customer140@example.com,West,2023-02-01,Wholesale
141,Customer_141,+1-232-2632,customer141@example.com,North,2022-10-11,Retail
142,Customer_142,+1-779-7902,customer142@example.com,West,2021-07-15,Retail
143,Customer_143,+1-904-4957,customer143@example.com,East,2023-07-18,Wholesale
144,Customer_144,+1-972-8185,customer144@example.com,North,2023-07-10,Retail
145,Customer_145,+1-537-4921,customer145@example.com,North,2021-02-10,Retail
146,Customer_146,+1-374-5497,customer146@example.com,West,2021-03-19,Retail
147,Customer_147,+1-276-4298,customer147@example.com,Central,2021-10-29,Retail
148,Customer_148,+1-663-1541,customer148@example.com,East,2022-04-11,Retail
149,Customer_149,+1-381-7379,customer149@example.com,East,2022-04-22,Retail
150,Customer_150,+1-741-8963,customer150@example.com,West,2021-01-24,Wholesale
151,Customer_151,+1-207-7738,customer151@example.com,East,2022-01-07,Wholesale
152,Customer_152,+1-808-7417,customer152@example.com,North,2023-06-21,Retail
153,Customer_153,+1-526-9497,customer153@example.com,North,2021-03-25,Wholesale
154,Customer_154,+1-970-8382,customer154@example.com,North,2022-08-30,Retail
155,Customer_155,+1-150-3709,customer155@example.com,North,2023-08-21,Retail
156,Customer_156,+1-448-7710,customer156@example.com,West,2023-10-19,Wholesale
157,Customer_157,+1-200-4820,customer157@example.com,West,2022-01-09,Wholesale
158,Customer_158,+1-376-1423,customer158@example.com,Central,2021-06-07,Retail
159,Customer_159,+1-669-6390,customer159@example.com,East,2023-02-27,Wholesale
160,Customer_160,+1-627-6418,customer160@example.com,Central,2023-12-22,Retail
161,Customer_161,+1-865-8238,customer161@example.com,North,2023-01-21,Retail
162,Customer_162,+1-360-3038,customer162@example.com,West,2023-11-01,Wholesale
163,Customer_163,+1-976-9847,customer163@example.com,West,2021-03-14,Retail
164,Customer_164,+1-966-4347,customer164@example.com,South,2020-05-24,Retail
165,Customer_165,+1-785-1177,customer165@example.com,East,2021-08-01,Wholesale
166,Customer_166,+1-256-3237,customer166@example.com,North,2020-09-24,Retail
167,Customer_167,+1-263-1583,customer167@example.com,Central,2023-07-27,Retail
168,Customer_168,+1-193-9210,customer168@example.com,West,2020-02-14,Retail
169,Customer_169,+1-770-3667,customer169@example.com,Central,2020-01-06,Wholesale
170,Customer_170,+1-129-2461,customer170@example.com,North,2020-05-18,Retail
171,Customer_171,+1-326-4169,customer171@example.com,Central,2020-12-18,Wholesale
172,Customer_172,+1-311-7462,customer172@example.com,South,2021-02-26,Retail
173,Customer_173,+1-391-9178,customer173@example.com,West,2021-01-17,Retail
174,Customer_174,+1-196-9446,customer174@example.com,South,2022-03-20,Retail
175,Customer_175,+1-545-2974,customer175@example.com,East,2023-01-12,Retail
176,Customer_176,+1-281-7383,customer176@example.com,North,2023-06-15,Retail
177,Customer_177,+1-286-5724,customer177@example.com,Central,2021-06-19,Retail
178,Customer_178,+1-474-3998,customer178@example.com,Central,2020-01-12,Wholesale
179,Customer_179,+1-408-1691,customer179@example.com,North,2022-06-02,Wholesale
180,Customer_180,+1-497-6727,customer180@example.com,South,2020-09-22,Wholesale
181,Customer_181,+1-316-4336,customer181@example.com,South,2020-08-11,Wholesale
182,Customer_182,+1-337-1822,customer182@example.com,North,2020-12-08,Retail
183,Customer_183,+1-991-1751,customer183@example.com,West,2020-10-30,Retail
184,Customer_184,+1-735-6810,customer184@example.com,Central,2021-05-09,Retail
185,Customer_185,+1-244-6661,customer185@example.com,North,2021-05-28,Wholesale
186,Customer_186,+1-782-4907,customer186@example.com,North,2020-06-06,Retail
187,Customer_187,+1-564-4398,customer187@example.com,West,2022-10-16,Wholesale
188,Customer_188,+1-529-7509,customer188@example.com,South,2022-10-03,Wholesale
189,Customer_189,+1-330-3427,customer189@example.com,North,2022-08-02,Retail
190,Customer_190,+1-838-8090,customer190@example.com,North,2020-09-26,Retail
191,Customer_191,+1-627-7404,customer191@example.com,North,2021-08-16,Wholesale
192,Customer_192,+1-726-4697,customer192@example.com,East,2021-08-13,Retail
193,Customer_193,+1-601-3366,customer193@example.com,West,2022-08-09,Retail
194,Customer_194,+1-521-6086,customer194@example.com,West,2020-05-11,Wholesale
195,Customer_195,+1-529-1444,customer195@example.com,Central,2022-10-08,Retail
196,Customer_196,+1-865-7663,customer196@example.com,Central,2022-08-18,Wholesale
197,Customer_197,+1-607-1707,customer197@example.com,South,2022-08-26,Retail
198,Customer_198,+1-926-1719,customer198@example.com,Central,2020-05-21,Retail
199,Customer_199,+1-238-4538,customer199@example.com,North,2022-05-10,Retail
200,Customer_200,+1-192-1240,customer200@example.com,North,2023-01-22,Retail
201,Customer_201,+1-734-8822,customer201@example.com,Central,2021-09-08,Retail
202,Customer_202,+1-607-8262,customer202@example.com,South,2021-05-05,Retail
203,Customer_203,+1-240-4662,customer203@example.com,Central,2021-08-31,Wholesale
204,Customer_204,+1-716-1606,customer204@example.com,North,2022-02-03,Wholesale
205,Customer_205,+1-802-7011,customer205@example.com,North,2022-04-07,Wholesale
206,Customer_206,+1-676-1158,customer206@example.com,North,2021-11-06,Wholesale
207,Customer_207,+1-284-8261,customer207@example.com,East,2020-09-01,Wholesale
208,Customer_208,+1-578-1978,customer208@example.com,East,2022-01-05,Wholesale
209,Customer_209,+1-129-3986,customer209@example.com,West,2020-07-28,Retail
210,Customer_210,+1-444-9842,customer210@example.com,Central,2021-06-20,Retail
211,Customer_211,+1-245-2808,customer211@example.com,North,2021-10-02,Retail
212,Customer_212,+1-979-5583,customer212@example.com,Central,2023-09-25,Retail
213,Customer_213,+1-507-2296,customer213@example.com,Central,2020-03-03,Wholesale
214,Customer_214,+1-311-8060,customer214@example.com,South,2022-05-12,Retail
215,Customer_215,+1-633-7478,customer215@example.com,East,2023-06-26,Retail
216,Customer_216,+1-943-5123,customer216@example.com,East,2023-03-16,Wholesale
217,Customer_217,+1-292-9579,customer217@example.com,West,2022-10-20,Retail
218,Customer_218,+1-241-1613,customer218@example.com,East,2023-05-26,Wholesale
219,Customer_219,+1-947-6512,customer219@example.com,Central,2020-10-04,Wholesale
220,Customer_220,+1-439-9779,customer220@example.com,East,2021-07-25,Retail
221,Customer_221,+1-578-4004,customer221@example.com,West,2023-07-11,Wholesale
222,Customer_222,+1-861-2711,customer222@example.com,South,2020-03-21,Retail
223,Customer_223,+1-278-9445,customer223@example.com,Central,2023-02-08,Retail
224,Customer_224,+1-986-7449,customer224@example.com,Central,2021-02-11,Wholesale
225,Customer_225,+1-566-2119,customer225@example.com,East,2023-03-07,Retail
226,Customer_226,+1-206-2866,customer226@example.com,West,2022-04-16,Wholesale
227,Customer_227,+1-304-4226,customer227@example.com,North,2022-10-08,Retail
228,Customer_228,+1-845-4067,customer228@example.com,South,2022-12-03,Retail
229,Customer_229,+1-656-9445,customer229@example.com,North,2020-09-26,Retail
230,Customer_230,+1-327-1220,customer230@example.com,East,2020-02-15,Wholesale
231,Customer_231,+1-464-6814,customer231@example.com,Central,2021-12-09,Retail
232,Customer_232,+1-906-6661,customer232@example.com,West,2020-07-23,Wholesale
233,Customer_233,+1-259-2791,customer233@example.com,North,2023-11-05,Retail
234,Customer_234,+1-199-8265,customer234@example.com,Central,2022-12-25,Wholesale
235,Customer_235,+1-722-4241,customer235@example.com,North,2021-09-29,Wholesale
236,Customer_236,+1-155-6525,customer236@example.com,West,2023-11-09,Retail
237,Customer_237,+1-410-6212,customer237@example.com,Central,2022-02-10,Wholesale
238,Customer_238,+1-763-7321,customer238@example.com,Central,2023-01-11,Wholesale
239,Customer_239,+1-720-5561,customer239@example.com,North,2020-12-11,Wholesale
240,Customer_240,+1-262-1890,customer240@example.com,West,2022-10-24,Wholesale
241,Customer_241,+1-234-7334,customer241@example.com,North,2021-06-07,Wholesale
242,Customer_242,+1-836-1567,customer242@example.com,North,2022-04-01,Wholesale
243,Customer_243,+1-487-3292,customer243@example.com,Central,2020-01-20,Retail
244,Customer_244,+1-640-9806,customer244@example.com,West,2023-02-09,Wholesale
245,Customer_245,+1-942-2654,customer245@example.com,Central,2021-03-10,Retail
246,Customer_246,+1-355-4754,customer246@example.com,Central,2020-05-01,Wholesale
247,Customer_247,+1-963-1578,customer247@example.com,East,2023-04-27,Wholesale
248,Customer_248,+1-952-3420,customer248@example.com,Central,2020-12-29,Retail
249,Customer_249,+1-983-5500,customer249@example.com,South,2022-09-08,Wholesale
250,Customer_250,+1-914-3129,customer250@example.com,Central,2021-03-28,Retail
251,Customer_251,+1-414-6394,customer251@example.com,South,2023-01-12,Retail
252,Customer_252,+1-985-8033,customer252@example.com,West,2020-07-24,Retail
253,Customer_253,+1-951-5295,customer253@example.com,Central,2023-07-29,Retail
254,Customer_254,+1-499-2418,customer254@example.com,South,2022-10-25,Wholesale
255,Customer_255,+1-312-7997,customer255@example.com,North,2020-08-28,Retail
256,Customer_256,+1-634-9851,customer256@example.com,East,2020-06-10,Retail
257,Customer_257,+1-170-5096,customer257@example.com,North,2023-11-15,Retail
258,Customer_258,+1-869-8818,customer258@example.com,Central,2023-12-22,Retail
259,Customer_259,+1-137-7499,customer259@example.com,Central,2021-07-26,Wholesale
260,Customer_260,+1-449-3209,customer260@example.com,Central,2021-06-27,Retail
261,Customer_261,+1-601-8638,customer261@example.com,West,2022-06-21,Wholesale
262,Customer_262,+1-833-8881,customer262@example.com,Central,2023-08-10,Retail
263,Customer_263,+1-900-3424,customer263@example.com,North,2022-06-26,Retail
264,Customer_264,+1-532-9104,customer264@example.com,South,2023-04-15,Retail
265,Customer_265,+1-322-4991,customer265@example.com,West,2022-02-11,Retail
266,Customer_266,+1-587-7540,customer266@example.com,West,2020-04-13,Retail
267,Customer_267,+1-529-9181,customer267@example.com,Central,2021-10-20,Wholesale
268,Customer_268,+1-715-1082,customer268@example.com,Central,2023-06-20,Wholesale
269,Customer_269,+1-908-4741,customer269@example.com,West,2023-08-04,Wholesale
270,Customer_270,+1-965-8111,customer270@example.com,North,2022-04-17,Wholesale
271,Customer_271,+1-298-4772,customer271@example.com,East,2021-09-24,Retail
272,Customer_272,+1-997-3260,customer272@example.com,Central,2020-01-10,Retail
273,Customer_273,+1-999-8495,customer273@example.com,North,2020-04-10,Wholesale
274,Customer_274,+1-626-3573,customer274@example.com,West,2020-12-24,Wholesale
275,Customer_275,+1-296-6680,customer275@example.com,Central,2023-02-16,Wholesale
276,Customer_276,+1-283-6775,customer276@example.com,South,2022-10-18,Retail
277,Customer_277,+1-695-7827,customer277@example.com,Central,2022-05-08,Retail
278,Customer_278,+1-832-3001,customer278@example.com,South,2023-10-24,Wholesale
279,Customer_279,+1-982-7617,customer279@example.com,South,2022-01-30,Retail
280,Customer_280,+1-922-3375,customer280@example.com,Central,2023-07-07,Wholesale
281,Customer_281,+1-598-4671,customer281@example.com,North,2023-07-17,Wholesale
282,Customer_282,+1-303-2566,customer282@example.com,South,2023-05-07,Wholesale
283,Customer_283,+1-244-5005,customer283@example.com,Central,2021-04-16,Wholesale
284,Customer_284,+1-408-4653,customer284@example.com,East,2023-02-18,Retail
285,Customer_285,+1-819-9332,customer285@example.com,South,2023-12-31,Wholesale
286,Customer_286,+1-676-8904,customer286@example.com,South,2023-06-25,Wholesale
287,Customer_287,+1-224-7328,customer287@example.com,South,2023-09-28,Retail
288,Customer_288,+1-186-6659,customer288@example.com,Central,2022-07-10,Wholesale
289,Customer_289,+1-986-1109,customer289@example.com,East,2021-02-01,Wholesale
290,Customer_290,+1-659-4424,customer290@example.com,South,2020-05-25,Retail
291,Customer_291,+1-456-9740,customer291@example.com,West,2020-02-08,Wholesale
292,Customer_292,+1-165-3093,customer292@example.com,West,2022-12-22,Wholesale
293,Customer_293,+1-175-7742,customer293@example.com,South,2022-09-03,Wholesale
294,Customer_294,+1-851-6186,customer294@example.com,South,2023-11-28,Retail
295,Customer_295,+1-115-8236,customer295@example.com,West,2021-08-03,Wholesale
296,Customer_296,+1-404-2391,customer296@example.com,Central,2022-02-14,Retail
297,Customer_297,+1-935-3183,customer297@example.com,Central,2021-06-18,Retail
298,Customer_298,+1-450-2847,customer298@example.com,Central,2021-02-24,Wholesale
299,Customer_299,+1-218-4411,customer299@example.com,West,2021-08-11,Wholesale
300,Customer_300,+1-104-1494,customer300@example.com,West,2023-06-24,Wholesale
301,Customer_301,+1-551-8359,customer301@example.com,Central,2020-04-06,Wholesale
302,Customer_302,+1-853-8119,customer302@example.com,North,2021-10-14,Wholesale
303,Customer_303,+1-925-1174,customer303@example.com,West,2023-04-06,Retail
304,Customer_304,+1-581-9324,customer304@example.com,West,2022-03-02,Wholesale
305,Customer_305,+1-906-5876,customer305@example.com,Central,2020-02-27,Wholesale
306,Customer_306,+1-130-4166,customer306@example.com,North,2021-05-05,Retail
307,Customer_307,+1-455-4362,customer307@example.com,East,2021-02-13,Retail
308,Customer_308,+1-459-9901,customer308@example.com,West,2020-02-24,Wholesale
309,Customer_309,+1-150-1284,customer309@example.com,South,2023-05-05,Wholesale
310,Customer_310,+1-540-1933,customer310@example.com,East,2022-06-16,Wholesale
311,Customer_311,+1-264-8516,customer311@example.com,Central,2022-02-07,Retail
312,Customer_312,+1-923-7606,customer312@example.com,East,2021-07-07,Retail
313,Customer_313,+1-546-9698,customer313@example.com,South,2020-08-17,Retail
314,Customer_314,+1-825-7403,customer314@example.com,North,2020-09-18,Retail
315,Customer_315,+1-194-2669,customer315@example.com,South,2020-02-28,Wholesale
316,Customer_316,+1-732-8303,customer316@example.com,West,2021-08-24,Retail
317,Customer_317,+1-989-2756,customer317@example.com,West,2020-06-03,Retail
318,Customer_318,+1-867-5025,customer318@example.com,West,2021-04-03,Wholesale
319,Customer_319,+1-873-4658,customer319@example.com,West,2022-12-18,Wholesale
320,Customer_320,+1-618-4131,customer320@example.com,South,2020-01-10,Retail
321,Customer_321,+1-640-9725,customer321@example.com,North,2022-11-20,Retail
322,Customer_322,+1-623-2300,customer322@example.com,West,2022-11-30,Wholesale
323,Customer_323,+1-398-7520,customer323@example.com,North,2021-03-07,Wholesale
324,Customer_324,+1-330-7079,customer324@example.com,South,2023-07-20,Retail
325,Customer_325,+1-494-2075,customer325@example.com,Central,2020-11-02,Retail
326,Customer_326,+1-982-7268,customer326@example.com,North,2023-12-15,Retail
327,Customer_327,+1-928-1202,customer327@example.com,North,2020-01-06,Wholesale
328,Customer_328,+1-430-7592,customer328@example.com,North,2022-03-03,Wholesale
329,Customer_329,+1-825-7069,customer329@example.com,North,2023-06-10,Retail
330,Customer_330,+1-775-8442,customer330@example.com,West,2020-11-02,Wholesale
331,Customer_331,+1-214-7873,customer331@example.com,East,2023-07-24,Retail
332,Customer_332,+1-428-1057,customer332@example.com,North,2023-02-17,Wholesale
333,Customer_333,+1-610-3299,customer333@example.com,North,2022-04-17,Retail
334,Customer_334,+1-617-7943,customer334@example.com,South,2021-06-13,Wholesale
335,Customer_335,+1-332-8070,customer335@example.com,South,2022-05-15,Retail
336,Customer_336,+1-793-2665,customer336@example.com,West,2020-01-28,Retail
337,Customer_337,+1-593-4243,customer337@example.com,South,2022-01-25,Wholesale
338,Customer_338,+1-178-7649,customer338@example.com,East,2022-09-04,Retail
339,Customer_339,+1-292-9735,customer339@example.com,Central,2021-02-24,Wholesale
340,Customer_340,+1-672-8541,customer340@example.com,North,2022-08-01,Wholesale
341,Customer_341,+1-885-8903,customer341@example.com,Central,2021-10-30,Retail
342,Customer_342,+1-170-2686,customer342@example.com,West,2023-12-23,Retail
343,Customer_343,+1-289-6187,customer343@example.com,South,2022-12-02,Retail
344,Customer_344,+1-264-2399,customer344@example.com,South,2023-03-31,Retail
345,Customer_345,+1-432-5923,customer345@example.com,South,2021-07-28,Retail
346,Customer_346,+1-407-5729,customer346@example.com,West,2022-12-24,Wholesale
347,Customer_347,+1-619-6356,customer347@example.com,East,2021-01-04,Wholesale
348,Customer_348,+1-388-1286,customer348@example.com,East,2021-01-02,Wholesale
349,Customer_349,+1-957-8288,customer349@example.com,Central,2022-11-25,Wholesale
350,Customer_350,+1-575-8113,customer350@example.com,Central,2023-03-25,Wholesale
351,Customer_351,+1-833-8976,customer351@example.com,West,2020-07-01,Wholesale
352,Customer_352,+1-783-3264,customer352@example.com,West,2021-03-27,Wholesale
353,Customer_353,+1-928-8086,customer353@example.com,Central,2023-03-31,Retail
354,Customer_354,+1-518-6455,customer354@example.com,East,2020-08-31,Wholesale
355,Customer_355,+1-635-1989,customer355@example.com,West,2021-12-18,Wholesale
356,Customer_356,+1-811-5643,customer356@example.com,West,2020-09-25,Wholesale
357,Customer_357,+1-602-7343,customer357@example.com,South,2020-12-30,Wholesale
358,Customer_358,+1-439-2926,customer358@example.com,North,2022-09-25,Wholesale
359,Customer_359,+1-905-9842,customer359@example.com,Central,2023-08-12,Wholesale
360,Customer_360,+1-938-6637,customer360@example.com,North,2023-03-16,Retail
361,Customer_361,+1-983-6868,customer361@example.com,East,2022-11-18,Wholesale
362,Customer_362,+1-105-2409,customer362@example.com,South,2023-06-05,Wholesale
363,Customer_363,+1-532-4657,customer363@example.com,North,2020-01-24,Wholesale
364,Customer_364,+1-156-4757,customer364@example.com,East,2023-05-26,Retail
365,Customer_365,+1-196-8384,customer365@example.com,East,2023-11-16,Wholesale
366,Customer_366,+1-547-2756,customer366@example.com,South,2022-09-25,Wholesale
367,Customer_367,+1-858-3253,customer367@example.com,Central,2020-09-17,Wholesale
368,Customer_368,+1-818-2682,customer368@example.com,North,2023-10-24,Wholesale
369,Customer_369,+1-465-1189,customer369@example.com,Central,2020-07-22,Wholesale
370,Customer_370,+1-247-4405,customer370@example.com,Central,2020-05-30,Retail
371,Customer_371,+1-312-3861,customer371@example.com,West,2021-04-02,Wholesale
372,Customer_372,+1-361-9561,customer372@example.com,North,2023-03-13,Wholesale
373,Customer_373,+1-325-3471,customer373@example.com,South,2020-03-25,Retail
374,Customer_374,+1-363-3591,customer374@example.com,North,2022-06-12,Retail
375,Customer_375,+1-292-1936,customer375@example.com,North,2021-06-24,Wholesale
376,Customer_376,+1-240-2591,customer376@example.com,South,2022-06-15,Wholesale
377,Customer_377,+1-885-4231,customer377@example.com,North,2021-04-06,Wholesale
378,Customer_378,+1-664-3213,customer378@example.com,East,2021-08-31,Retail
379,Customer_379,+1-720-5893,customer379@example.com,North,2022-05-04,Wholesale
380,Customer_380,+1-141-6909,customer380@example.com,West,2023-01-18,Retail
381,Customer_381,+1-323-1462,customer381@example.com,East,2021-08-24,Retail
382,Customer_382,+1-162-9819,customer382@example.com,East,2022-11-18,Retail
383,Customer_383,+1-221-7853,customer383@example.com,South,2022-11-15,Wholesale
384,Customer_384,+1-665-7037,customer384@example.com,East,2021-05-29,Wholesale
385,Customer_385,+1-102-7226,customer385@example.com,Central,2021-08-06,Retail
386,Customer_386,+1-228-7839,customer386@example.com,East,2022-01-08,Retail
387,Customer_387,+1-481-6936,customer387@example.com,West,2023-03-31,Wholesale
388,Customer_388,+1-898-1890,customer388@example.com,East,2023-12-25,Retail
389,Customer_389,+1-469-9533,customer389@example.com,East,2023-11-16,Retail
390,Customer_390,+1-206-4486,customer390@example.com,North,2020-09-25,Wholesale
391,Customer_391,+1-663-2845,customer391@example.com,South,2023-03-31,Retail
392,Customer_392,+1-431-5956,customer392@example.com,East,2021-07-06,Retail
393,Customer_393,+1-335-6562,customer393@example.com,South,2022-05-20,Retail
394,Customer_394,+1-604-7988,customer394@example.com,East,2020-08-12,Wholesale
395,Customer_395,+1-582-3757,customer395@example.com,South,2020-11-06,Retail
396,Customer_396,+1-512-3465,customer396@example.com,West,2022-05-06,Wholesale
397,Customer_397,+1-632-7826,customer397@example.com,North,2022-09-23,Retail
398,Customer_398,+1-470-3552,customer398@example.com,South,2023-01-04,Wholesale
399,Customer_399,+1-100-3340,customer399@example.com,South,2020-02-09,Wholesale
400,Customer_400,+1-748-4472,customer400@example.com,Central,2021-11-03,Wholesale
401,Customer_401,+1-701-2797,customer401@example.com,East,2023-05-26,Wholesale
402,Customer_402,+1-205-8729,customer402@example.com,East,2022-03-26,Retail
403,Customer_403,+1-251-1121,customer403@example.com,West,2023-02-10,Wholesale
404,Customer_404,+1-502-2556,customer404@example.com,West,2023-11-16,Retail
405,Customer_405,+1-709-5494,customer405@example.com,East,2023-12-03,Wholesale
406,Customer_406,+1-882-7775,customer406@example.com,East,2023-09-20,Retail
407,Customer_407,+1-524-9139,customer407@example.com,Central,2022-04-02,Retail
408,Customer_408,+1-121-5666,customer408@example.com,South,2020-11-24,Wholesale
409,Customer_409,+1-876-1943,customer409@example.com,West,2022-06-17,Wholesale
410,Customer_410,+1-373-6570,customer410@example.com,Central,2022-07-30,Retail
411,Customer_411,+1-381-6661,customer411@example.com,South,2023-04-01,Retail
412,Customer_412,+1-799-9853,customer412@example.com,South,2023-03-09,Retail
413,Customer_413,+1-968-9722,customer413@example.com,Central,2021-07-19,Retail
414,Customer_414,+1-932-5394,customer414@example.com,North,2022-07-08,Retail
415,Customer_415,+1-835-3860,customer415@example.com,South,2021-09-04,Retail
416,Customer_416,+1-602-9272,customer416@example.com,North,2023-08-10,Retail
417,Customer_417,+1-483-8825,customer417@example.com,North,2020-12-07,Retail
418,Customer_418,+1-173-9262,customer418@example.com,Central,2021-07-06,Retail
419,Customer_419,+1-424-6014,customer419@example.com,North,2020-07-23,Retail
420,Customer_420,+1-725-7276,customer420@example.com,West,2023-10-12,Retail
421,Customer_421,+1-932-2284,customer421@example.com,North,2021-04-18,Wholesale
422,Customer_422,+1-290-4508,customer422@example.com,East,2022-04-06,Retail
423,Customer_423,+1-910-6986,customer423@example.com,South,2022-12-18,Wholesale
424,Customer_424,+1-845-5892,customer424@example.com,Central,2023-01-25,Retail
425,Customer_425,+1-101-7206,customer425@example.com,West,2022-12-04,Wholesale
426,Customer_426,+1-178-7625,customer426@example.com,East,2022-01-03,Retail
427,Customer_427,+1-300-7123,customer427@example.com,Central,2023-12-02,Wholesale
428,Customer_428,+1-263-8551,customer428@example.com,Central,2023-10-25,Retail
429,Customer_429,+1-130-2852,customer429@example.com,North,2023-06-11,Retail
430,Customer_430,+1-864-8973,customer430@example.com,East,2022-08-29,Wholesale
431,Customer_431,+1-354-6933,customer431@example.com,Central,2022-04-15,Retail
432,Customer_432,+1-979-8878,customer432@example.com,East,2020-03-03,Retail
433,Customer_433,+1-903-4800,customer433@example.com,South,2020-03-21,Retail
434,Customer_434,+1-457-2951,customer434@example.com,East,2023-06-24,Wholesale
435,Customer_435,+1-419-2861,customer435@example.com,West,2022-10-15,Retail
436,Customer_436,+1-644-2296,customer436@example.com,Central,2023-05-16,Wholesale
437,Customer_437,+1-867-7272,customer437@example.com,North,2022-09-17,Wholesale
438,Customer_438,+1-207-5019,customer438@example.com,South,2023-09-15,Wholesale
439,Customer_439,+1-921-4741,customer439@example.com,South,2020-02-24,Wholesale
440,Customer_440,+1-273-4511,customer440@example.com,South,2020-04-02,Wholesale
441,Customer_441,+1-869-3514,customer441@example.com,Central,2020-07-18,Wholesale
442,Customer_442,+1-253-5209,customer442@example.com,East,2021-03-22,Wholesale
443,Customer_443,+1-787-6263,customer443@example.com,East,2022-06-15,Wholesale
444,Customer_444,+1-625-3795,customer444@example.com,North,2022-08-07,Retail
445,Customer_445,+1-241-4911,customer445@example.com,East,2023-09-25,Wholesale
446,Customer_446,+1-162-6480,customer446@example.com,South,2021-08-30,Wholesale
447,Customer_447,+1-753-7520,customer447@example.com,South,2022-07-08,Retail
448,Customer_448,+1-141-1096,customer448@example.com,Central,2023-04-17,Retail
449,Customer_449,+1-605-4725,customer449@example.com,East,2020-09-14,Retail
450,Customer_450,+1-207-2620,customer450@example.com,South,2022-06-02,Wholesale
451,Customer_451,+1-736-6084,customer451@example.com,South,2020-12-16,Wholesale
452,Customer_452,+1-171-2287,customer452@example.com,Central,2021-05-14,Wholesale
453,Customer_453,+1-262-8398,customer453@example.com,North,2022-10-17,Retail
454,Customer_454,+1-188-1622,customer454@example.com,Central,2021-01-10,Wholesale
455,Customer_455,+1-179-3229,customer455@example.com,East,2020-04-30,Retail
456,Customer_456,+1-119-7909,customer456@example.com,North,2020-02-07,Retail
457,Customer_457,+1-493-9088,customer457@example.com,Central,2021-06-13,Retail
458,Customer_458,+1-214-5490,customer458@example.com,West,2021-03-28,Wholesale
459,Customer_459,+1-825-4740,customer459@example.com,South,2021-10-22,Wholesale
460,Customer_460,+1-480-5251,customer460@example.com,South,2020-09-27,Wholesale
461,Customer_461,+1-136-6382,customer461@example.com,Central,2021-04-22,Wholesale
462,Customer_462,+1-985-7362,customer462@example.com,West,2022-02-02,Wholesale
463,Customer_463,+1-446-8208,customer463@example.com,South,2020-06-24,Wholesale
464,Customer_464,+1-756-8575,customer464@example.com,Central,2020-02-04,Wholesale
465,Customer_465,+1-198-5725,customer465@example.com,Central,2020-04-13,Retail
466,Customer_466,+1-806-6855,customer466@example.com,West,2021-06-22,Retail
467,Customer_467,+1-157-5480,customer467@example.com,North,2021-04-05,Wholesale
468,Customer_468,+1-297-9967,customer468@example.com,East,2023-07-14,Wholesale
469,Customer_469,+1-252-6074,customer469@example.com,Central,2020-11-25,Wholesale
470,Customer_470,+1-923-1147,customer470@example.com,West,2022-04-11,Wholesale
471,Customer_471,+1-198-6394,customer471@example.com,Central,2020-03-07,Retail
472,Customer_472,+1-341-3653,customer472@example.com,Central,2023-09-07,Wholesale
473,Customer_473,+1-189-8608,customer473@example.com,North,2020-11-14,Wholesale
474,Customer_474,+1-389-8699,customer474@example.com,West,2020-05-20,Wholesale
475,Customer_475,+1-760-2981,customer475@example.com,Central,2022-10-17,Wholesale
476,Customer_476,+1-258-7597,customer476@example.com,South,2023-11-10,Retail
477,Customer_477,+1-443-5282,customer477@example.com,South,2021-06-17,Retail
478,Customer_478,+1-739-1555,customer478@example.com,East,2022-10-21,Retail
479,Customer_479,+1-303-6456,customer479@example.com,West,2022-01-05,Wholesale
480,Customer_480,+1-827-5073,customer480@example.com,South,2021-10-20,Retail
481,Customer_481,+1-625-9692,customer481@example.com,West,2023-01-16,Wholesale
482,Customer_482,+1-823-3030,customer482@example.com,Central,2023-07-02,Wholesale
483,Customer_483,+1-713-8339,customer483@example.com,West,2021-12-11,Retail
484,Customer_484,+1-657-9361,customer484@example.com,East,2021-08-26,Retail
485,Customer_485,+1-379-4168,customer485@example.com,North,2022-04-16,Wholesale
486,Customer_486,+1-948-4402,customer486@example.com,East,2023-07-14,Wholesale
487,Customer_487,+1-500-3747,customer487@example.com,Central,2022-03-20,Retail
488,Customer_488,+1-381-5166,customer488@example.com,West,2020-12-19,Retail
489,Customer_489,+1-278-5375,customer489@example.com,South,2021-11-02,Wholesale
490,Customer_490,+1-578-8292,customer490@example.com,West,2021-03-10,Wholesale
491,Customer_491,+1-948-9040,customer491@example.com,Central,2020-05-15,Wholesale
492,Customer_492,+1-793-5134,customer492@example.com,West,2020-08-03,Wholesale
493,Customer_493,+1-590-9249,customer493@example.com,North,2022-10-14,Wholesale
494,Customer_494,+1-376-9366,customer494@example.com,Central,2023-11-22,Wholesale
495,Customer_495,+1-186-8918,customer495@example.com,South,2020-05-17,Retail
496,Customer_496,+1-358-1497,customer496@example.com,East,2023-08-18,Retail
497,Customer_497,+1-867-6968,customer497@example.com,Central,2022-11-18,Retail
498,Customer_498,+1-186-4529,customer498@example.com,North,2022-06-13,Wholesale
499,Customer_499,+1-760-4870,customer499@example.com,East,2023-05-02,Wholesale
500,Customer_500,+1-650-8440,customer500@example.com,South,2021-12-04,Retail
501,Customer_501,+1-308-8413,customer501@example.com,East,2021-03-20,Retail
502,Customer_502,+1-545-5430,customer502@example.com,West,2022-11-18,Wholesale
503,Customer_503,+1-345-3234,customer503@example.com,Central,2021-09-11,Wholesale
504,Customer_504,+1-416-9872,customer504@example.com,West,2021-03-02,Wholesale
505,Customer_505,+1-348-2133,customer505@example.com,Central,2022-12-29,Wholesale
506,Customer_506,+1-289-3944,customer506@example.com,North,2023-04-22,Retail
507,Customer_507,+1-968-5152,customer507@example.com,North,2020-12-22,Retail
508,Customer_508,+1-764-5279,customer508@example.com,North,2022-02-04,Retail
509,Customer_509,+1-159-8120,customer509@example.com,Central,2023-07-02,Wholesale
510,Customer_510,+1-327-3869,customer510@example.com,Central,2023-10-05,Retail
511,Customer_511,+1-208-7732,customer511@example.com,West,2022-05-28,Retail
512,Customer_512,+1-336-2900,customer512@example.com,East,2021-08-22,Retail
513,Customer_513,+1-865-7328,customer513@example.com,East,2021-02-27,Wholesale
514,Customer_514,+1-874-5391,customer514@example.com,East,2021-09-17,Retail
515,Customer_515,+1-823-8203,customer515@example.com,North,2021-07-08,Wholesale
516,Customer_516,+1-209-3759,customer516@example.com,West,2021-04-22,Wholesale
517,Customer_517,+1-219-1742,customer517@example.com,Central,2023-10-12,Wholesale
518,Customer_518,+1-557-7967,customer518@example.com,West,2023-07-01,Wholesale
519,Customer_519,+1-985-5784,customer519@example.com,West,2022-12-25,Wholesale
520,Customer_520,+1-965-2206,customer520@example.com,West,2022-10-10,Wholesale
521,Customer_521,+1-340-5723,customer521@example.com,East,2021-10-13,Wholesale
522,Customer_522,+1-930-3829,customer522@example.com,West,2020-07-22,Retail
523,Customer_523,+1-410-9152,customer523@example.com,South,2020-12-28,Retail
524,Customer_524,+1-705-4214,customer524@example.com,West,2020-05-05,Retail
525,Customer_525,+1-981-7390,customer525@example.com,West,2021-11-16,Wholesale
526,Customer_526,+1-121-8075,customer526@example.com,Central,2022-04-12,Wholesale
527,Customer_527,+1-185-9057,customer527@example.com,West,2022-01-23,Wholesale
528,Customer_528,+1-218-7472,customer528@example.com,North,2020-08-30,Retail
529,Customer_529,+1-120-4060,customer529@example.com,North,2021-09-07,Wholesale
530,Customer_530,+1-178-1941,customer530@example.com,Central,2023-09-05,Wholesale
531,Customer_531,+1-793-7528,customer531@example.com,East,2023-03-18,Wholesale
532,Customer_532,+1-746-5832,customer532@example.com,North,2020-12-04,Retail
533,Customer_533,+1-410-9667,customer533@example.com,North,2022-07-28,Retail
534,Customer_534,+1-645-2305,customer534@example.com,West,2023-01-29,Retail
535,Customer_535,+1-470-7712,customer535@example.com,East,2022-10-08,Retail
536,Customer_536,+1-715-3523,customer536@example.com,Central,2022-10-15,Retail
537,Customer_537,+1-864-2529,customer537@example.com,Central,2021-03-28,Retail
538,Customer_538,+1-296-4551,customer538@example.com,East,2022-08-12,Wholesale
539,Customer_539,+1-151-7989,customer539@example.com,East,2022-07-15,Wholesale
540,Customer_540,+1-252-8595,customer540@example.com,West,2020-10-03,Wholesale
541,Customer_541,+1-105-7599,customer541@example.com,West,2020-11-03,Wholesale
542,Customer_542,+1-380-2901,customer542@example.com,East,2021-10-23,Retail
543,Customer_543,+1-360-2971,customer543@example.com,East,2022-03-14,Retail
544,Customer_544,+1-386-5373,customer544@example.com,East,2023-06-24,Retail
545,Customer_545,+1-108-2330,customer545@example.com,West,2023-09-09,Wholesale
546,Customer_546,+1-634-3338,customer546@example.com,South,2022-01-03,Retail
547,Customer_547,+1-651-3682,customer547@example.com,North,2021-08-20,Retail
548,Customer_548,+1-913-6173,customer548@example.com,West,2023-10-04,Retail
549,Customer_549,+1-677-7996,customer549@example.com,East,2020-08-05,Wholesale
550,Customer_550,+1-548-5152,customer550@example.com,West,2021-04-11,Wholesale
551,Customer_551,+1-428-2213,customer551@example.com,South,2020-02-06,Wholesale
552,Customer_552,+1-612-2909,customer552@example.com,Central,2021-07-31,Retail
553,Customer_553,+1-464-4303,customer553@example.com,East,2023-11-14,Retail
554,Customer_554,+1-975-3301,customer554@example.com,East,2023-06-21,Retail
555,Customer_555,+1-805-9266,customer555@example.com,Central,2022-04-10,Retail
556,Customer_556,+1-490-1574,customer556@example.com,North,2022-02-23,Retail
557,Customer_557,+1-246-4343,customer557@example.com,North,2020-10-15,Wholesale
558,Customer_558,+1-475-8236,customer558@example.com,East,2023-07-24,Wholesale
559,Customer_559,+1-353-9300,customer559@example.com,Central,2023-09-12,Retail
560,Customer_560,+1-408-3027,customer560@example.com,North,2020-04-29,Wholesale
561,Customer_561,+1-392-4669,customer561@example.com,East,2023-10-19,Retail
562,Customer_562,+1-449-3584,customer562@example.com,Central,2021-01-13,Retail
563,Customer_563,+1-920-1355,customer563@example.com,West,2023-10-19,Wholesale
564,Customer_564,+1-651-7500,customer564@example.com,Central,2023-04-21,Retail
565,Customer_565,+1-352-8575,customer565@example.com,East,2021-04-24,Wholesale
566,Customer_566,+1-804-7964,customer566@example.com,South,2022-05-14,Retail
567,Customer_567,+1-761-2025,customer567@example.com,South,2021-05-10,Retail
568,Customer_568,+1-987-8602,customer568@example.com,South,2020-03-25,Retail
569,Customer_569,+1-288-1374,customer569@example.com,North,2023-11-09,Retail
570,Customer_570,+1-137-1290,customer570@example.com,Central,2021-03-26,Wholesale
571,Customer_571,+1-357-4507,customer571@example.com,South,2023-09-21,Retail
572,Customer_572,+1-979-7321,customer572@example.com,North,2023-10-25,Wholesale
573,Customer_573,+1-603-7924,customer573@example.com,West,2023-10-13,Retail
574,Customer_574,+1-535-4888,customer574@example.com,West,2020-04-25,Wholesale
575,Customer_575,+1-368-4491,customer575@example.com,West,2022-08-02,Retail
576,Customer_576,+1-817-8618,customer576@example.com,East,2021-06-03,Wholesale
577,Customer_577,+1-754-7015,customer577@example.com,North,2020-12-18,Retail
578,Customer_578,+1-776-2637,customer578@example.com,South,2020-11-26,Wholesale
579,Customer_579,+1-341-9161,customer579@example.com,North,2020-10-06,Wholesale
580,Customer_580,+1-747-2849,customer580@example.com,West,2023-04-05,Wholesale
581,Customer_581,+1-392-7349,customer581@example.com,East,2020-02-15,Wholesale
582,Customer_582,+1-671-7594,customer582@example.com,East,2021-11-20,Retail
583,Customer_583,+1-662-7743,customer583@example.com,Central,2021-07-10,Retail
584,Customer_584,+1-236-3862,customer584@example.com,North,2022-03-17,Wholesale
585,Customer_585,+1-385-7530,customer585@example.com,North,2022-02-23,Wholesale
586,Customer_586,+1-408-9390,customer586@example.com,West,2021-01-29,Retail
587,Customer_587,+1-706-4747,customer587@example.com,East,2022-05-01,Retail
588,Customer_588,+1-758-3085,customer588@example.com,West,2021-09-26,Wholesale
589,Customer_589,+1-603-3018,customer589@example.com,Central,2023-01-22,Retail
590,Customer_590,+1-338-6217,customer590@example.com,Central,2022-05-19,Wholesale
591,Customer_591,+1-594-6514,customer591@example.com,Central,2021-05-22,Wholesale
592,Customer_592,+1-608-7536,customer592@example.com,East,2020-01-08,Wholesale
593,Customer_593,+1-141-9557,customer593@example.com,North,2020-08-19,Wholesale
594,Customer_594,+1-504-9791,customer594@example.com,West,2021-10-29,Wholesale
595,Customer_595,+1-640-2457,customer595@example.com,West,2021-01-07,Retail
596,Customer_596,+1-345-9377,customer596@example.com,East,2021-10-02,Retail
597,Customer_597,+1-966-2971,customer597@example.com,East,2021-08-05,Wholesale
598,Customer_598,+1-721-6061,customer598@example.com,Central,2020-06-20,Wholesale
599,Customer_599,+1-593-6782,customer599@example.com,Central,2020-07-14,Retail
600,Customer_600,+1-602-4336,customer600@example.com,East,2023-10-15,Retail
601,Customer_601,+1-331-7628,customer601@example.com,West,2021-07-20,Retail
602,Customer_602,+1-215-9838,customer602@example.com,East,2021-11-14,Wholesale
603,Customer_603,+1-386-3813,customer603@example.com,North,2020-07-09,Retail
604,Customer_604,+1-788-3176,customer604@example.com,East,2023-07-10,Wholesale
605,Customer_605,+1-284-5042,customer605@example.com,East,2022-11-01,Retail
606,Customer_606,+1-323-8723,customer606@example.com,South,2022-11-19,Wholesale
607,Customer_607,+1-378-9855,customer607@example.com,North,2021-11-23,Retail
608,Customer_608,+1-317-3111,customer608@example.com,East,2022-07-08,Wholesale
609,Customer_609,+1-315-8458,customer609@example.com,West,2022-10-21,Wholesale
610,Customer_610,+1-499-9714,customer610@example.com,North,2021-12-16,Wholesale
611,Customer_611,+1-133-6126,customer611@example.com,East,2023-05-07,Retail
612,Customer_612,+1-619-2380,customer612@example.com,North,2020-09-11,Retail
613,Customer_613,+1-167-8045,customer613@example.com,South,2021-11-26,Retail
614,Customer_614,+1-536-4283,customer614@example.com,East,2021-05-31,Wholesale
615,Customer_615,+1-837-5266,customer615@example.com,Central,2021-04-24,Wholesale
616,Customer_616,+1-728-3800,customer616@example.com,Central,2020-05-12,Retail
617,Customer_617,+1-915-7297,customer617@example.com,East,2023-08-20,Retail
618,Customer_618,+1-121-2002,customer618@example.com,North,2021-11-17,Retail
619,Customer_619,+1-335-3617,customer619@example.com,West,2023-04-16,Wholesale
620,Customer_620,+1-563-8155,customer620@example.com,North,2023-06-12,Retail
621,Customer_621,+1-914-1382,customer621@example.com,West,2021-03-15,Retail
622,Customer_622,+1-563-1404,customer622@example.com,South,2020-10-31,Retail
623,Customer_623,+1-372-3480,customer623@example.com,West,2023-06-05,Retail
624,Customer_624,+1-214-7620,customer624@example.com,South,2020-03-10,Wholesale
625,Customer_625,+1-166-2434,customer625@example.com,North,2022-05-14,Wholesale
626,Customer_626,+1-760-7748,customer626@example.com,West,2022-08-15,Wholesale
627,Customer_627,+1-180-3262,customer627@example.com,North,2021-12-23,Retail
628,Customer_628,+1-715-1482,customer628@example.com,Central,2021-02-14,Retail
629,Customer_629,+1-485-3844,customer629@example.com,East,2021-05-10,Retail
630,Customer_630,+1-371-8833,customer630@example.com,South,2022-06-27,Wholesale
631,Customer_631,+1-686-4630,customer631@example.com,North,2020-01-30,Wholesale
632,Customer_632,+1-372-8187,customer632@example.com,South,2021-12-20,Retail
633,Customer_633,+1-311-5833,customer633@example.com,West,2021-07-11,Wholesale
634,Customer_634,+1-812-6725,customer634@example.com,East,2021-12-05,Retail
635,Customer_635,+1-798-3987,customer635@example.com,South,2021-10-04,Wholesale
636,Customer_636,+1-887-2807,customer636@example.com,North,2020-08-18,Wholesale
637,Customer_637,+1-479-7070,customer637@example.com,East,2021-06-17,Retail
638,Customer_638,+1-609-9018,customer638@example.com,South,2023-04-16,Wholesale
639,Customer_639,+1-811-1316,customer639@example.com,West,2020-01-08,Wholesale
640,Customer_640,+1-802-5775,customer640@example.com,East,2023-08-15,Wholesale
641,Customer_641,+1-141-2918,customer641@example.com,West,2022-11-22,Retail
642,Customer_642,+1-823-3993,customer642@example.com,West,2023-12-15,Retail
643,Customer_643,+1-965-8777,customer643@example.com,Central,2022-09-10,Retail
644,Customer_644,+1-359-1473,customer644@example.com,Central,2021-04-03,Retail
645,Customer_645,+1-467-5829,customer645@example.com,North,2022-09-13,Retail
646,Customer_646,+1-751-2677,customer646@example.com,East,2020-09-25,Wholesale
647,Customer_647,+1-894-2621,customer647@example.com,West,2022-01-29,Retail
648,Customer_648,+1-776-4638,customer648@example.com,North,2020-05-16,Wholesale
649,Customer_649,+1-229-7028,customer649@example.com,West,2023-01-15,Wholesale
650,Customer_650,+1-322-5719,customer650@example.com,East,2020-06-13,Wholesale
651,Customer_651,+1-816-5550,customer651@example.com,Central,2023-08-21,Retail
652,Customer_652,+1-479-4823,customer652@example.com,West,2023-08-29,Retail
653,Customer_653,+1-546-6143,customer653@example.com,West,2022-07-12,Retail
654,Customer_654,+1-352-8146,customer654@example.com,North,2023-10-14,Wholesale
655,Customer_655,+1-299-6848,customer655@example.com,North,2023-01-22,Wholesale
656,Customer_656,+1-782-5930,customer656@example.com,South,2022-09-25,Retail
657,Customer_657,+1-493-6984,customer657@example.com,Central,2022-08-11,Wholesale
658,Customer_658,+1-559-7138,customer658@example.com,East,2020-10-22,Retail
659,Customer_659,+1-890-4914,customer659@example.com,East,2022-06-01,Retail
660,Customer_660,+1-434-9875,customer660@example.com,Central,2022-06-15,Wholesale
661,Customer_661,+1-422-7782,customer661@example.com,West,2020-11-18,Wholesale
662,Customer_662,+1-333-5938,customer662@example.com,East,2023-12-16,Retail
663,Customer_663,+1-597-1768,customer663@example.com,East,2023-06-22,Wholesale
664,Customer_664,+1-902-3793,customer664@example.com,East,2020-10-20,Retail
665,Customer_665,+1-425-7427,customer665@example.com,West,2023-07-12,Wholesale
666,Customer_666,+1-196-8409,customer666@example.com,West,2023-10-02,Retail
667,Customer_667,+1-290-8070,customer667@example.com,South,2020-09-10,Retail
668,Customer_668,+1-589-7222,customer668@example.com,North,2021-11-16,Retail
669,Customer_669,+1-885-9859,customer669@example.com,North,2020-11-26,Retail
670,Customer_670,+1-896-9375,customer670@example.com,East,2022-05-21,Retail
671,Customer_671,+1-955-7790,customer671@example.com,West,2023-11-28,Wholesale
672,Customer_672,+1-315-3267,customer672@example.com,East,2022-12-28,Wholesale
673,Customer_673,+1-837-4842,customer673@example.com,East,2020-04-03,Wholesale
674,Customer_674,+1-863-5135,customer674@example.com,East,2023-11-04,Wholesale
675,Customer_675,+1-808-2768,customer675@example.com,South,2022-11-05,Retail
676,Customer_676,+1-652-7351,customer676@example.com,South,2022-05-07,Retail
677,Customer_677,+1-468-6274,customer677@example.com,North,2023-12-18,Wholesale
678,Customer_678,+1-117-7411,customer678@example.com,East,2022-08-10,Wholesale
679,Customer_679,+1-795-6133,customer679@example.com,North,2020-04-12,Wholesale
680,Customer_680,+1-632-3143,customer680@example.com,West,2022-07-29,Retail
681,Customer_681,+1-264-6584,customer681@example.com,East,2021-12-19,Wholesale
682,Customer_682,+1-405-1199,customer682@example.com,West,2020-11-07,Wholesale
683,Customer_683,+1-576-5612,customer683@example.com,West,2021-06-19,Retail
684,Customer_684,+1-534-5672,customer684@example.com,Central,2021-06-21,Retail
685,Customer_685,+1-775-3989,customer685@example.com,East,2023-11-29,Wholesale
686,Customer_686,+1-569-5317,customer686@example.com,South,2020-07-22,Wholesale
687,Customer_687,+1-759-9097,customer687@example.com,East,2020-12-02,Retail
688,Customer_688,+1-809-9395,customer688@example.com,East,2023-07-05,Wholesale
689,Customer_689,+1-848-9117,customer689@example.com,West,2022-07-13,Retail
690,Customer_690,+1-704-5338,customer690@example.com,North,2022-07-12,Retail
691,Customer_691,+1-964-4249,customer691@example.com,Central,2020-10-14,Wholesale
692,Customer_692,+1-791-4300,customer692@example.com,Central,2022-04-15,Wholesale
693,Customer_693,+1-126-9204,customer693@example.com,Central,2020-06-27,Retail
694,Customer_694,+1-287-9239,customer694@example.com,North,2020-12-29,Retail
695,Customer_695,+1-821-2581,customer695@example.com,South,2020-05-11,Wholesale
696,Customer_696,+1-647-4690,customer696@example.com,West,2021-05-25,Retail
697,Customer_697,+1-518-9728,customer697@example.com,South,2021-03-27,Wholesale
698,Customer_698,+1-111-8326,customer698@example.com,Central,2020-12-17,Retail
699,Customer_699,+1-526-1399,customer699@example.com,Central,2023-12-23,Retail
700,Customer_700,+1-461-7368,customer700@example.com,North,2023-02-19,Wholesale
701,Customer_701,+1-927-5550,customer701@example.com,East,2021-07-20,Wholesale
702,Customer_702,+1-240-5630,customer702@example.com,Central,2020-05-11,Retail
703,Customer_703,+1-868-1619,customer703@example.com,West,2020-02-10,Wholesale
704,Customer_704,+1-205-3449,customer704@example.com,Central,2022-08-10,Retail
705,Customer_705,+1-390-5629,customer705@example.com,South,2021-01-28,Wholesale
706,Customer_706,+1-441-5202,customer706@example.com,Central,2021-07-30,Wholesale
707,Customer_707,+1-931-6541,customer707@example.com,West,2023-05-05,Wholesale
708,Customer_708,+1-552-9457,customer708@example.com,North,2023-11-21,Wholesale
709,Customer_709,+1-605-7345,customer709@example.com,West,2023-06-06,Wholesale
710,Customer_710,+1-419-3337,customer710@example.com,East,2020-06-06,Retail
711,Customer_711,+1-931-4829,customer711@example.com,South,2021-10-05,Retail
712,Customer_712,+1-100-2336,customer712@example.com,Central,2021-05-27,Wholesale
713,Customer_713,+1-398-9907,customer713@example.com,West,2020-07-19,Wholesale
714,Customer_714,+1-289-2672,customer714@example.com,South,2021-02-26,Wholesale
715,Customer_715,+1-257-3642,customer715@example.com,East,2020-07-28,Retail
716,Customer_716,+1-315-8060,customer716@example.com,Central,2020-05-22,Wholesale
717,Customer_717,+1-701-9905,customer717@example.com,West,2023-11-12,Wholesale
718,Customer_718,+1-210-3718,customer718@example.com,East,2022-07-01,Wholesale
719,Customer_719,+1-334-9472,customer719@example.com,West,2023-02-14,Retail
720,Customer_720,+1-709-7303,customer720@example.com,East,2021-11-04,Wholesale
721,Customer_721,+1-652-5193,customer721@example.com,East,2021-09-18,Wholesale
722,Customer_722,+1-796-8927,customer722@example.com,North,2020-04-02,Wholesale
723,Customer_723,+1-732-3635,customer723@example.com,South,2020-04-20,Wholesale
724,Customer_724,+1-658-2586,customer724@example.com,Central,2023-05-28,Retail
725,Customer_725,+1-878-7603,customer725@example.com,North,2020-07-19,Retail
726,Customer_726,+1-444-4132,customer726@example.com,North,2022-10-25,Retail
727,Customer_727,+1-491-6763,customer727@example.com,East,2023-01-02,Retail
728,Customer_728,+1-546-1069,customer728@example.com,South,2023-07-30,Retail
729,Customer_729,+1-177-7154,customer729@example.com,West,2020-02-20,Wholesale
730,Customer_730,+1-353-3876,customer730@example.com,South,2021-05-06,Wholesale
731,Customer_731,+1-899-8225,customer731@example.com,East,2023-04-17,Wholesale
732,Customer_732,+1-975-5617,customer732@example.com,Central,2021-06-14,Retail
733,Customer_733,+1-729-9930,customer733@example.com,West,2020-04-20,Retail
734,Customer_734,+1-512-7754,customer734@example.com,North,2023-08-26,Wholesale
735,Customer_735,+1-592-8159,customer735@example.com,Central,2023-07-17,Retail
736,Customer_736,+1-649-5312,customer736@example.com,East,2021-11-22,Wholesale
737,Customer_737,+1-371-3752,customer737@example.com,East,2020-05-25,Wholesale
738,Customer_738,+1-766-1466,customer738@example.com,Central,2020-05-09,Wholesale
739,Customer_739,+1-677-9939,customer739@example.com,West,2020-12-29,Wholesale
740,Customer_740,+1-684-4013,customer740@example.com,West,2021-05-14,Retail
741,Customer_741,+1-868-4061,customer741@example.com,North,2020-11-24,Wholesale
742,Customer_742,+1-709-1376,customer742@example.com,East,2022-05-02,Retail
743,Customer_743,+1-787-9914,customer743@example.com,East,2021-11-24,Retail
744,Customer_744,+1-183-8539,customer744@example.com,South,2023-09-22,Wholesale
745,Customer_745,+1-537-4472,customer745@example.com,Central,2021-03-21,Wholesale
746,Customer_746,+1-348-9632,customer746@example.com,West,2021-01-27,Wholesale
747,Customer_747,+1-515-7712,customer747@example.com,West,2021-06-22,Retail
748,Customer_748,+1-562-5377,customer748@example.com,West,2022-12-14,Retail
749,Customer_749,+1-367-9506,customer749@example.com,North,2020-08-18,Retail
750,Customer_750,+1-959-6725,customer750@example.com,Central,2022-09-19,Retail
751,Customer_751,+1-746-6470,customer751@example.com,Central,2021-03-25,Wholesale
752,Customer_752,+1-479-3173,customer752@example.com,West,2020-10-21,Retail
753,Customer_753,+1-714-9280,customer753@example.com,West,2023-06-24,Retail
754,Customer_754,+1-376-5007,customer754@example.com,North,2022-08-10,Wholesale
755,Customer_755,+1-912-4270,customer755@example.com,North,2023-05-02,Retail
756,Customer_756,+1-987-4140,customer756@example.com,South,2023-04-11,Retail
757,Customer_757,+1-169-8432,customer757@example.com,East,2022-08-09,Wholesale
758,Customer_758,+1-838-9663,customer758@example.com,North,2020-07-29,Wholesale
759,Customer_759,+1-275-1816,customer759@example.com,North,2020-08-04,Wholesale
760,Customer_760,+1-927-7806,customer760@example.com,East,2021-01-11,Retail
761,Customer_761,+1-547-1000,customer761@example.com,West,2020-12-02,Wholesale
762,Customer_762,+1-676-6954,customer762@example.com,South,2023-10-15,Retail
763,Customer_763,+1-360-2998,customer763@example.com,Central,2022-12-01,Retail
764,Customer_764,+1-670-2113,customer764@example.com,East,2021-10-05,Retail
765,Customer_765,+1-540-6961,customer765@example.com,North,2023-03-01,Wholesale
766,Customer_766,+1-548-1083,customer766@example.com,Central,2022-08-25,Retail
767,Customer_767,+1-237-9515,customer767@example.com,Central,2023-09-27,Retail
768,Customer_768,+1-953-7772,customer768@example.com,West,2023-04-16,Retail
769,Customer_769,+1-190-2449,customer769@example.com,West,2020-12-11,Retail
770,Customer_770,+1-533-4173,customer770@example.com,West,2020-11-19,Wholesale
771,Customer_771,+1-383-3234,customer771@example.com,North,2022-01-03,Retail
772,Customer_772,+1-379-6755,customer772@example.com,South,2023-04-24,Retail
773,Customer_773,+1-575-1070,customer773@example.com,West,2020-07-27,Wholesale
774,Customer_774,+1-416-2362,customer774@example.com,South,2022-05-28,Retail
775,Customer_775,+1-198-8861,customer775@example.com,East,2023-12-04,Retail
776,Customer_776,+1-187-9197,customer776@example.com,West,2021-01-26,Wholesale
777,Customer_777,+1-795-4220,customer777@example.com,South,2021-02-09,Retail
778,Customer_778,+1-540-1916,customer778@example.com,West,2021-10-20,Wholesale
779,Customer_779,+1-576-3692,customer779@example.com,East,2021-03-28,Retail
780,Customer_780,+1-819-4788,customer780@example.com,South,2021-12-15,Retail
781,Customer_781,+1-292-9469,customer781@example.com,East,2021-04-22,Wholesale
782,Customer_782,+1-229-7514,customer782@example.com,East,2020-02-03,Retail
783,Customer_783,+1-958-9087,customer783@example.com,West,2020-09-24,Retail
784,Customer_784,+1-821-7268,customer784@example.com,Central,2022-03-01,Wholesale
785,Customer_785,+1-329-8858,customer785@example.com,North,2023-02-05,Wholesale
786,Customer_786,+1-902-8244,customer786@example.com,South,2023-05-26,Retail
787,Customer_787,+1-442-8538,customer787@example.com,West,2021-10-13,Retail
788,Customer_788,+1-134-7142,customer788@example.com,West,2022-11-25,Wholesale
789,Customer_789,+1-899-4981,customer789@example.com,Central,2023-10-17,Wholesale
790,Customer_790,+1-590-8839,customer790@example.com,Central,2022-12-06,Wholesale
791,Customer_791,+1-854-7141,customer791@example.com,West,2022-07-14,Retail
792,Customer_792,+1-146-5663,customer792@example.com,Central,2021-09-11,Retail
793,Customer_793,+1-901-9790,customer793@example.com,West,2022-12-27,Wholesale
794,Customer_794,+1-668-4803,customer794@example.com,West,2023-08-28,Retail
795,Customer_795,+1-372-7540,customer795@example.com,North,2021-12-08,Wholesale
796,Customer_796,+1-706-8905,customer796@example.com,South,2021-06-01,Wholesale
797,Customer_797,+1-534-3953,customer797@example.com,North,2023-05-08,Retail
798,Customer_798,+1-780-8452,customer798@example.com,South,2022-02-06,Retail
799,Customer_799,+1-942-3879,customer799@example.com,South,2023-02-27,Wholesale
800,Customer_800,+1-487-1063,customer800@example.com,West,2021-11-14,Retail
801,Customer_801,+1-535-8098,customer801@example.com,North,2023-05-01,Wholesale
802,Customer_802,+1-620-9983,customer802@example.com,North,2022-08-15,Retail
803,Customer_803,+1-779-9028,customer803@example.com,Central,2020-08-16,Wholesale
804,Customer_804,+1-879-8706,customer804@example.com,North,2020-10-20,Retail
805,Customer_805,+1-713-5353,customer805@example.com,South,2021-11-09,Retail
806,Customer_806,+1-386-4435,customer806@example.com,South,2022-07-25,Wholesale
807,Customer_807,+1-556-9792,customer807@example.com,West,2021-06-13,Wholesale
808,Customer_808,+1-642-5388,customer808@example.com,West,2021-03-22,Retail
809,Customer_809,+1-789-8424,customer809@example.com,North,2021-01-29,Retail
810,Customer_810,+1-237-7121,customer810@example.com,North,2022-07-09,Retail
811,Customer_811,+1-294-4597,customer811@example.com,South,2023-03-21,Retail
812,Customer_812,+1-170-4869,customer812@example.com,East,2021-07-30,Retail
813,Customer_813,+1-203-2650,customer813@example.com,North,2023-09-21,Wholesale
814,Customer_814,+1-824-1207,customer814@example.com,Central,2021-06-23,Wholesale
815,Customer_815,+1-344-7501,customer815@example.com,Central,2023-01-28,Retail
816,Customer_816,+1-724-9958,customer816@example.com,Central,2022-12-17,Wholesale
817,Customer_817,+1-505-4980,customer817@example.com,East,2020-02-11,Retail
818,Customer_818,+1-624-5416,customer818@example.com,South,2022-12-23,Retail
819,Customer_819,+1-804-6673,customer819@example.com,East,2021-01-27,Retail
820,Customer_820,+1-434-1248,customer820@example.com,Central,2020-02-24,Retail
821,Customer_821,+1-797-5679,customer821@example.com,South,2021-09-10,Wholesale
822,Customer_822,+1-575-6019,customer822@example.com,East,2020-02-24,Wholesale
823,Customer_823,+1-765-3647,customer823@example.com,East,2020-06-30,Wholesale
824,Customer_824,+1-522-2714,customer824@example.com,East,2021-08-31,Retail
825,Customer_825,+1-174-6357,customer825@example.com,East,2020-08-12,Retail
826,Customer_826,+1-920-6834,customer826@example.com,West,2021-09-08,Retail
827,Customer_827,+1-470-7997,customer827@example.com,West,2021-05-20,Retail
828,Customer_828,+1-841-6915,customer828@example.com,East,2020-09-07,Wholesale
829,Customer_829,+1-217-7478,customer829@example.com,East,2021-08-26,Retail
830,Customer_830,+1-401-1283,customer830@example.com,South,2022-12-28,Retail
831,Customer_831,+1-388-3094,customer831@example.com,East,2023-12-30,Retail
832,Customer_832,+1-866-4587,customer832@example.com,West,2022-12-12,Retail
833,Customer_833,+1-973-3920,customer833@example.com,North,2022-08-20,Wholesale
834,Customer_834,+1-388-2081,customer834@example.com,East,2023-06-30,Wholesale
835,Customer_835,+1-997-9983,customer835@example.com,East,2023-03-04,Retail
836,Customer_836,+1-726-7464,customer836@example.com,Central,2020-09-16,Wholesale
837,Customer_837,+1-581-8565,customer837@example.com,West,2020-11-03,Retail
838,Customer_838,+1-657-8476,customer838@example.com,West,2023-11-19,Retail
839,Customer_839,+1-566-9253,customer839@example.com,East,2023-02-23,Wholesale
840,Customer_840,+1-431-3291,customer840@example.com,South,2022-07-03,Retail
841,Customer_841,+1-643-8758,customer841@example.com,Central,2022-02-09,Retail
842,Customer_842,+1-723-9378,customer842@example.com,East,2022-05-06,Retail
843,Customer_843,+1-219-1137,customer843@example.com,East,2021-07-01,Wholesale
844,Customer_844,+1-561-4914,customer844@example.com,North,2022-12-15,Wholesale
845,Customer_845,+1-460-1631,customer845@example.com,South,2021-08-27,Retail
846,Customer_846,+1-188-6186,customer846@example.com,West,2023-08-26,Retail
847,Customer_847,+1-210-8320,customer847@example.com,North,2023-01-31,Retail
848,Customer_848,+1-673-3605,customer848@example.com,East,2023-11-19,Wholesale
849,Customer_849,+1-610-2308,customer849@example.com,West,2023-08-16,Wholesale
850,Customer_850,+1-959-1024,customer850@example.com,North,2023-06-05,Wholesale
851,Customer_851,+1-451-5736,customer851@example.com,West,2022-04-19,Retail
852,Customer_852,+1-398-7094,customer852@example.com,West,2021-05-14,Retail
853,Customer_853,+1-821-4277,customer853@example.com,East,2022-08-18,Wholesale
854,Customer_854,+1-473-2663,customer854@example.com,North,2020-04-09,Wholesale
855,Customer_855,+1-928-7749,customer855@example.com,North,2020-07-11,Retail
856,Customer_856,+1-321-5685,customer856@example.com,Central,2023-12-10,Wholesale
857,Customer_857,+1-682-2986,customer857@example.com,Central,2022-06-08,Wholesale
858,Customer_858,+1-943-2573,customer858@example.com,Central,2021-10-06,Wholesale
859,Customer_859,+1-264-3713,customer859@example.com,West,2022-09-28,Retail
860,Customer_860,+1-128-6193,customer860@example.com,North,2023-04-17,Wholesale
861,Customer_861,+1-722-9219,customer861@example.com,North,2020-03-09,Retail
862,Customer_862,+1-387-4697,customer862@example.com,Central,2021-09-10,Wholesale
863,Customer_863,+1-185-3076,customer863@example.com,West,2023-07-09,Wholesale
864,Customer_864,+1-627-1720,customer864@example.com,North,2023-08-27,Retail
865,Customer_865,+1-974-9745,customer865@example.com,East,2021-10-13,Retail
866,Customer_866,+1-199-3182,customer866@example.com,West,2023-10-16,Wholesale
867,Customer_867,+1-825-9742,customer867@example.com,Central,2021-07-24,Wholesale
868,Customer_868,+1-401-3008,customer868@example.com,North,2023-02-04,Wholesale
869,Customer_869,+1-290-8883,customer869@example.com,Central,2022-05-16,Retail
870,Customer_870,+1-786-1282,customer870@example.com,West,2023-09-16,Wholesale
871,Customer_871,+1-918-9139,customer871@example.com,North,2021-05-19,Wholesale
872,Customer_872,+1-184-5409,customer872@example.com,South,2022-11-29,Retail
873,Customer_873,+1-444-3171,customer873@example.com,South,2020-01-26,Wholesale
874,Customer_874,+1-366-7795,customer874@example.com,West,2022-07-14,Retail
875,Customer_875,+1-725-5491,customer875@example.com,Central,2023-11-10,Retail
876,Customer_876,+1-540-4670,customer876@example.com,South,2022-06-05,Wholesale
877,Customer_877,+1-614-2172,customer877@example.com,North,2020-04-24,Retail
878,Customer_878,+1-349-1582,customer878@example.com,North,2022-06-26,Wholesale
879,Customer_879,+1-863-3488,customer879@example.com,North,2023-07-24,Retail
880,Customer_880,+1-272-7450,customer880@example.com,North,2022-12-25,Retail
881,Customer_881,+1-593-3791,customer881@example.com,Central,2022-09-15,Retail
882,Customer_882,+1-308-5945,customer882@example.com,East,2020-08-16,Retail
883,Customer_883,+1-622-7722,customer883@example.com,Central,2020-11-13,Wholesale
884,Customer_884,+1-705-3911,customer884@example.com,East,2022-10-03,Retail
885,Customer_885,+1-654-8810,customer885@example.com,Central,2020-08-27,Wholesale
886,Customer_886,+1-902-6998,customer886@example.com,Central,2022-02-12,Retail
887,Customer_887,+1-537-9634,customer887@example.com,East,2021-06-17,Retail
888,Customer_888,+1-439-1645,customer888@example.com,West,2022-08-25,Retail
889,Customer_889,+1-486-5366,customer889@example.com,North,2021-09-09,Wholesale
890,Customer_890,+1-374-9789,customer890@example.com,West,2022-07-20,Wholesale
891,Customer_891,+1-284-2979,customer891@example.com,West,2023-05-19,Retail
892,Customer_892,+1-573-3298,customer892@example.com,Central,2021-06-06,Wholesale
893,Customer_893,+1-544-7775,customer893@example.com,East,2023-10-31,Retail
894,Customer_894,+1-811-2909,customer894@example.com,Central,2020-09-12,Retail
895,Customer_895,+1-813-4399,customer895@example.com,South,2021-08-04,Retail
896,Customer_896,+1-535-1784,customer896@example.com,South,2023-10-30,Retail
897,Customer_897,+1-218-2068,customer897@example.com,Central,2022-01-04,Retail
898,Customer_898,+1-507-2467,customer898@example.com,East,2022-04-10,Retail
899,Customer_899,+1-378-3617,customer899@example.com,West,2021-10-01,Retail
900,Customer_900,+1-592-6316,customer900@example.com,Central,2020-08-13,Retail
901,Customer_901,+1-273-7485,customer901@example.com,East,2020-11-04,Wholesale
902,Customer_902,+1-872-6186,customer902@example.com,North,2021-06-04,Retail
903,Customer_903,+1-865-9491,customer903@example.com,West,2021-07-17,Wholesale
904,Customer_904,+1-559-9358,customer904@example.com,South,2020-02-03,Retail
905,Customer_905,+1-179-9765,customer905@example.com,Central,2022-06-07,Wholesale
906,Customer_906,+1-770-3265,customer906@example.com,Central,2022-08-24,Wholesale
907,Customer_907,+1-412-8829,customer907@example.com,North,2023-03-01,Retail
908,Customer_908,+1-964-4729,customer908@example.com,North,2023-03-31,Wholesale
909,Customer_909,+1-242-9492,customer909@example.com,North,2023-10-02,Retail
910,Customer_910,+1-551-4660,customer910@example.com,North,2022-12-14,Wholesale
911,Customer_911,+1-671-7639,customer911@example.com,East,2023-05-05,Wholesale
912,Customer_912,+1-589-3317,customer912@example.com,South,2022-04-07,Retail
913,Customer_913,+1-730-2520,customer913@example.com,South,2020-11-13,Retail
914,Customer_914,+1-169-2716,customer914@example.com,East,2020-04-16,Retail
915,Customer_915,+1-977-3813,customer915@example.com,Central,2022-01-29,Wholesale
916,Customer_916,+1-136-1120,customer916@example.com,East,2023-01-03,Retail
917,Customer_917,+1-372-4382,customer917@example.com,West,2023-02-10,Wholesale
918,Customer_918,+1-327-9655,customer918@example.com,West,2021-04-04,Wholesale
919,Customer_919,+1-130-5570,customer919@example.com,West,2022-05-24,Retail
920,Customer_920,+1-682-3286,customer920@example.com,North,2023-01-21,Retail
921,Customer_921,+1-879-1975,customer921@example.com,East,2023-08-30,Wholesale
922,Customer_922,+1-699-6217,customer922@example.com,South,2022-01-13,Retail
923,Customer_923,+1-278-9287,customer923@example.com,North,2021-04-07,Wholesale
924,Customer_924,+1-964-3030,customer924@example.com,East,2020-10-05,Retail
925,Customer_925,+1-844-6695,customer925@example.com,East,2023-02-01,Retail
926,Customer_926,+1-809-9488,customer926@example.com,West,2023-06-17,Wholesale
927,Customer_927,+1-383-9531,customer927@example.com,West,2022-10-12,Wholesale
928,Customer_928,+1-301-9992,customer928@example.com,East,2021-11-06,Retail
929,Customer_929,+1-791-2081,customer929@example.com,South,2023-05-19,Wholesale
930,Customer_930,+1-112-4512,customer930@example.com,West,2022-08-03,Wholesale
931,Customer_931,+1-896-4279,customer931@example.com,North,2020-06-11,Retail
932,Customer_932,+1-650-9189,customer932@example.com,West,2020-07-22,Retail
933,Customer_933,+1-381-3143,customer933@example.com,South,2022-02-26,Retail
934,Customer_934,+1-544-7812,customer934@example.com,South,2020-07-20,Wholesale
935,Customer_935,+1-695-6531,customer935@example.com,North,2020-04-27,Wholesale
936,Customer_936,+1-941-4059,customer936@example.com,West,2022-11-28,Retail
937,Customer_937,+1-705-9392,customer937@example.com,Central,2022-09-25,Wholesale
938,Customer_938,+1-235-1590,customer938@example.com,North,2023-05-19,Wholesale
939,Customer_939,+1-969-5194,customer939@example.com,West,2020-07-04,Retail
940,Customer_940,+1-628-1868,customer940@example.com,North,2021-05-21,Retail
941,Customer_941,+1-988-4872,customer941@example.com,Central,2023-10-21,Wholesale
942,Customer_942,+1-878-5332,customer942@example.com,South,2020-12-09,Retail
943,Customer_943,+1-339-2825,customer943@example.com,South,2023-04-03,Wholesale
944,Customer_944,+1-839-4805,customer944@example.com,East,2020-05-08,Retail
945,Customer_945,+1-451-4336,customer945@example.com,East,2021-03-19,Retail
946,Customer_946,+1-354-1892,customer946@example.com,South,2021-06-26,Retail
947,Customer_947,+1-106-8609,customer947@example.com,East,2023-06-11,Retail
948,Customer_948,+1-349-9185,customer948@example.com,Central,2023-12-03,Retail
949,Customer_949,+1-588-8855,customer949@example.com,South,2022-03-07,Retail
950,Customer_950,+1-748-6555,customer950@example.com,Central,2022-09-25,Wholesale
951,Customer_951,+1-745-1704,customer951@example.com,West,2022-04-25,Retail
952,Customer_952,+1-184-7347,customer952@example.com,South,2022-12-02,Retail
953,Customer_953,+1-698-8724,customer953@example.com,West,2020-12-25,Wholesale
954,Customer_954,+1-110-8662,customer954@example.com,Central,2023-12-09,Wholesale
955,Customer_955,+1-120-7493,customer955@example.com,Central,2023-03-18,Retail
956,Customer_956,+1-448-3754,customer956@example.com,North,2023-11-25,Wholesale
957,Customer_957,+1-149-7377,customer957@example.com,Central,2020-06-23,Retail
958,Customer_958,+1-940-5569,customer958@example.com,South,2022-08-24,Wholesale
959,Customer_959,+1-314-2662,customer959@example.com,East,2022-01-13,Wholesale
960,Customer_960,+1-117-8050,customer960@example.com,East,2022-05-06,Retail
961,Customer_961,+1-996-2314,customer961@example.com,East,2023-09-14,Wholesale
962,Customer_962,+1-705-4469,customer962@example.com,East,2020-02-23,Wholesale
963,Customer_963,+1-719-1418,customer963@example.com,West,2022-08-24,Retail
964,Customer_964,+1-330-4541,customer964@example.com,West,2021-02-21,Wholesale
965,Customer_965,+1-736-9698,customer965@example.com,East,2020-11-14,Retail
966,Customer_966,+1-370-3934,customer966@example.com,South,2022-02-22,Wholesale
967,Customer_967,+1-266-4785,customer967@example.com,North,2023-06-03,Retail
968,Customer_968,+1-122-2332,customer968@example.com,East,2022-12-26,Retail
969,Customer_969,+1-164-5134,customer969@example.com,East,2022-07-02,Retail
970,Customer_970,+1-740-1771,customer970@example.com,South,2023-11-08,Wholesale
971,Customer_971,+1-709-1359,customer971@example.com,West,2020-01-01,Retail
972,Customer_972,+1-773-6574,customer972@example.com,East,2023-10-10,Retail
973,Customer_973,+1-249-7440,customer973@example.com,North,2021-08-20,Retail
974,Customer_974,+1-668-3499,customer974@example.com,Central,2020-04-17,Retail
975,Customer_975,+1-886-4766,customer975@example.com,East,2020-07-25,Wholesale
976,Customer_976,+1-286-1828,customer976@example.com,West,2021-08-17,Retail
977,Customer_977,+1-926-6345,customer977@example.com,West,2021-04-17,Retail
978,Customer_978,+1-409-6259,customer978@example.com,South,2020-04-08,Retail
979,Customer_979,+1-774-2337,customer979@example.com,South,2020-02-27,Retail
980,Customer_980,+1-469-3722,customer980@example.com,Central,2021-05-13,Wholesale
981,Customer_981,+1-815-8173,customer981@example.com,East,2023-05-10,Retail
982,Customer_982,+1-157-9877,customer982@example.com,Central,2023-07-20,Wholesale
983,Customer_983,+1-681-8445,customer983@example.com,Central,2020-09-30,Wholesale
984,Customer_984,+1-669-7421,customer984@example.com,Central,2021-08-28,Retail
985,Customer_985,+1-435-8161,customer985@example.com,South,2022-06-11,Retail
986,Customer_986,+1-674-1347,customer986@example.com,West,2023-04-23,Wholesale
987,Customer_987,+1-612-7350,customer987@example.com,Central,2022-07-16,Wholesale
988,Customer_988,+1-334-9131,customer988@example.com,South,2021-09-23,Retail
989,Customer_989,+1-693-5123,customer989@example.com,Central,2021-11-14,Wholesale
990,Customer_990,+1-539-9709,customer990@example.com,North,2023-06-28,Retail
991,Customer_991,+1-609-8919,customer991@example.com,Central,2020-03-18,Retail
992,Customer_992,+1-990-8047,customer992@example.com,South,2020-08-29,Retail
993,Customer_993,+1-712-8465,customer993@example.com,South,2023-06-14,Wholesale
994,Customer_994,+1-647-4560,customer994@example.com,North,2023-08-11,Wholesale
995,Customer_995,+1-915-6287,customer995@example.com,North,2022-02-06,Retail
996,Customer_996,+1-891-3436,customer996@example.com,East,2023-11-29,Retail
997,Customer_997,+1-808-2966,customer997@example.com,West,2021-12-29,Retail
998,Customer_998,+1-616-8908,customer998@example.com,Central,2022-06-05,Wholesale
999,Customer_999,+1-917-9188,customer999@example.com,Central,2021-12-12,Retail
1000,Customer_1000,+1-243-5005,customer1000@example.com,East,2020-02-19,Wholesale
